[
  {
    "name": "Sorin Mihai Bădescu",
    "matched_skills": [
      "Proficiency in Figma",
      "Proficiency in Adobe XD"
    ]
  },
  {
    "name": "Matei Dobreanu",
    "matched_skills": [
      "Experience with Figma (collaboration)",
      "Experience with Adobe XD (collaboration)"
    ]
  },
  {
    "name": "Adrian Mircea Dobre",
    "matched_skills": [
      "UI/UX Design experience (mobile application)",
      "Proficiency in Figma",
      "Proficiency in Adobe XD",
      "User testing experience"
    ]
  },
  {
    "name": "Alina Teodora Stancu",
    "matched_skills": [
      "Collaboration with UI/UX designers",
      "Experience with Figma (prototyping)",
      "Experience with Adobe XD (integration)"
    ]
  },
  {
    "name": "Mihai Călin Radu",
    "matched_skills": [
      "UX/UI Design experience (mobile health application)",
      "Proficiency in Figma",
      "Proficiency in Adobe XD",
      "User research experience",
      "Usability testing experience"
    ]
  },
  {
    "name": "Andrei Mihail Constantinescu",
    "matched_skills": [
      "Experience with Figma (prototyping, UI design)",
      "Experience with InVision (prototyping)"
    ]
  },
  {
    "name": "Andrei Vasile Dumitrescu",
    "matched_skills": [
      "Experience with Figma (UI design)"
    ]
  },
  {
    "name": "Florin Neagu",
    "matched_skills": [
      "User-centric mobile app design experience",
      "Proficiency in Figma",
      "Proficiency in Adobe XD",
      "User testing experience"
    ]
  },
  {
    "name": "Mihai Călinescu",
    "matched_skills": [
      "User-Centric Mobile Application Design experience",
      "Proficiency in Figma",
      "Proficiency in Adobe XD",
      "User research experience",
      "Usability testing experience"
    ]
  },
  {
    "name": "Raluca Mihaiță Dumitrescu",
    "matched_skills": [
      "User interface design experience",
      "Proficiency in Figma",
      "Proficiency in Adobe XD",
      "Incorporating user feedback"
    ]
  },
  {
    "name": "Andrei Călin Georgescu",
    "matched_skills": [
      "Collaboration with UI/UX designers",
      "Experience with Figma",
      "Experience with Adobe XD"
    ]
  },
  {
    "name": "Elena Cătălina Dumitrescu",
    "matched_skills": [
      "UI/UX Design experience (mobile application - university project)",
      "Proficiency in Figma",
      "Proficiency in Adobe XD",
      "Experience with InVision",
      "Usability testing experience"
    ]
  },
  {
    "name": "Adrian Munteanu",
    "matched_skills": [
      "Intuitive user interface design experience",
      "Experience with Figma",
      "Experience with Adobe XD"
    ]
  }
]